event,waveform,cosmology,distance_conversion,prior_cosmology,prior_a_1 (or chi1),prior_a_2 (or chi2),prior_tilt_1,prior_tilt_2
IGWN-GWTC2p1-v2-GW190803_022701_PEDataRelease_mixed_nocosmo.h5,C01:IMRPhenomXPHM,b'Planck15_lal',d_l^2,"b""PowerLaw(alpha=2, minimum=100, maximum=10000, name='luminosity_distance', latex_label='$d_L$', unit='Mpc', boundary=None)""","b""Uniform(minimum=0, maximum=0.99, name='a_1', latex_label='$a_1$', unit=None, boundary=None)""","b""Uniform(minimum=0, maximum=0.99, name='a_2', latex_label='$a_2$', unit=None, boundary=None)""","b""Sine(name='tilt_1', latex_label='$\\\\theta_1$', unit=None, minimum=0, maximum=3.141592653589793, boundary=None)""","b""Sine(name='tilt_2', latex_label='$\\\\theta_2$', unit=None, minimum=0, maximum=3.141592653589793, boundary=None)"""
IGWN-GWTC3p0-v1-GW200302_015811_PEDataRelease_mixed_nocosmo.h5,C01:IMRPhenomXPHM,b'Planck15_lal',d_l^2,"b""PowerLaw(alpha=2, minimum=100, maximum=10000, name='luminosity_distance', latex_label='$d_L$', unit='Mpc', boundary=None)""","b""Uniform(minimum=0, maximum=0.99, name='a_1', latex_label='$a_1$', unit=None, boundary=None)""","b""Uniform(minimum=0, maximum=0.99, name='a_2', latex_label='$a_2$', unit=None, boundary=None)""","b""Sine(name='tilt_1', latex_label='$\\\\theta_1$', unit=None, minimum=0, maximum=3.141592653589793, boundary=None)""","b""Sine(name='tilt_2', latex_label='$\\\\theta_2$', unit=None, minimum=0, maximum=3.141592653589793, boundary=None)"""
IGWN-GWTC3p0-v1-GW200128_022011_PEDataRelease_mixed_nocosmo.h5,C01:IMRPhenomXPHM,b'Planck15_lal',d_l^2,"b""PowerLaw(alpha=2, minimum=100, maximum=10000, name='luminosity_distance', latex_label='$d_L$', unit='Mpc', boundary=None)""","b""Uniform(minimum=0, maximum=0.99, name='a_1', latex_label='$a_1$', unit=None, boundary=None)""","b""Uniform(minimum=0, maximum=0.99, name='a_2', latex_label='$a_2$', unit=None, boundary=None)""","b""Sine(name='tilt_1', latex_label='$\\\\theta_1$', unit=None, minimum=0, maximum=3.141592653589793, boundary=None)""","b""Sine(name='tilt_2', latex_label='$\\\\theta_2$', unit=None, minimum=0, maximum=3.141592653589793, boundary=None)"""
IGWN-GWTC2p1-v2-GW190725_174728_PEDataRelease_mixed_nocosmo.h5,C01:IMRPhenomXPHM,b'Planck15_lal',d_l^2,NOT INCLUDED (dl^2),NOT INCLUDED,NOT INCLUDED,NOT INCLUDED,NOT INCLUDED
IGWN-GWTC3p0-v1-GW200129_065458_PEDataRelease_mixed_nocosmo.h5,C01:IMRPhenomXPHM,b'Planck15_lal',d_l^2,"b""PowerLaw(alpha=2, minimum=100, maximum=10000, name='luminosity_distance', latex_label='$d_L$', unit='Mpc', boundary=None)""","b""Uniform(minimum=0, maximum=0.99, name='a_1', latex_label='$a_1$', unit=None, boundary=None)""","b""Uniform(minimum=0, maximum=0.99, name='a_2', latex_label='$a_2$', unit=None, boundary=None)""","b""Sine(name='tilt_1', latex_label='$\\\\theta_1$', unit=None, minimum=0, maximum=3.141592653589793, boundary=None)""","b""Sine(name='tilt_2', latex_label='$\\\\theta_2$', unit=None, minimum=0, maximum=3.141592653589793, boundary=None)"""
IGWN-GWTC3p0-v1-GW200216_220804_PEDataRelease_mixed_nocosmo.h5,C01:IMRPhenomXPHM,b'Planck15_lal',d_l^2,"b""PowerLaw(alpha=2, minimum=100, maximum=10000, name='luminosity_distance', latex_label='$d_L$', unit='Mpc', boundary=None)""","b""Uniform(minimum=0, maximum=0.99, name='a_1', latex_label='$a_1$', unit=None, boundary=None)""","b""Uniform(minimum=0, maximum=0.99, name='a_2', latex_label='$a_2$', unit=None, boundary=None)""","b""Sine(minimum=0, maximum=3.141592653589793, name='tilt_1', latex_label='$\\\\theta_1$', unit=None, boundary=None)""","b""Sine(minimum=0, maximum=3.141592653589793, name='tilt_2', latex_label='$\\\\theta_2$', unit=None, boundary=None)"""
IGWN-GWTC2p1-v2-GW190925_232845_PEDataRelease_mixed_nocosmo.h5,C01:IMRPhenomXPHM,b'Planck15_lal',d_l^2,"b""PowerLaw(alpha=2, minimum=100, maximum=10000, name='luminosity_distance', latex_label='$d_L$', unit='Mpc', boundary=None)""","b""Uniform(minimum=0, maximum=0.99, name='a_1', latex_label='$a_1$', unit=None, boundary=None)""","b""Uniform(minimum=0, maximum=0.99, name='a_2', latex_label='$a_2$', unit=None, boundary=None)""","b""Sine(name='tilt_1', latex_label='$\\\\theta_1$', unit=None, minimum=0, maximum=3.141592653589793, boundary=None)""","b""Sine(name='tilt_2', latex_label='$\\\\theta_2$', unit=None, minimum=0, maximum=3.141592653589793, boundary=None)"""
IGWN-GWTC2p1-v2-GW190708_232457_PEDataRelease_mixed_nocosmo.h5,C01:IMRPhenomXPHM,b'Planck15_lal',d_l^2,"b""PowerLaw(alpha=2, minimum=100, maximum=10000, name='luminosity_distance', latex_label='$d_L$', unit='Mpc', boundary=None)""","b""Uniform(minimum=0, maximum=0.99, name='a_1', latex_label='$a_1$', unit=None, boundary=None)""","b""Uniform(minimum=0, maximum=0.99, name='a_2', latex_label='$a_2$', unit=None, boundary=None)""","b""Sine(name='tilt_1', latex_label='$\\\\theta_1$', unit=None, minimum=0, maximum=3.141592653589793, boundary=None)""","b""Sine(name='tilt_2', latex_label='$\\\\theta_2$', unit=None, minimum=0, maximum=3.141592653589793, boundary=None)"""
IGWN-GWTC3p0-v1-GW191230_180458_PEDataRelease_mixed_nocosmo.h5,C01:IMRPhenomXPHM,b'Planck15_lal',d_l^2,"b""PowerLaw(alpha=2, minimum=100, maximum=10000, name='luminosity_distance', latex_label='$d_L$', unit='Mpc', boundary=None)""","b""Uniform(minimum=0, maximum=0.99, name='a_1', latex_label='$a_1$', unit=None, boundary=None)""","b""Uniform(minimum=0, maximum=0.99, name='a_2', latex_label='$a_2$', unit=None, boundary=None)""","b""Sine(name='tilt_1', latex_label='$\\\\theta_1$', unit=None, minimum=0, maximum=3.141592653589793, boundary=None)""","b""Sine(name='tilt_2', latex_label='$\\\\theta_2$', unit=None, minimum=0, maximum=3.141592653589793, boundary=None)"""
IGWN-GWTC3p0-v1-GW191222_033537_PEDataRelease_mixed_nocosmo.h5,C01:IMRPhenomXPHM,b'Planck15_lal',d_l^2,"b""PowerLaw(alpha=2, minimum=100, maximum=10000, name='luminosity_distance', latex_label='$d_L$', unit='Mpc', boundary=None)""","b""Uniform(minimum=0, maximum=0.99, name='a_1', latex_label='$a_1$', unit=None, boundary=None)""","b""Uniform(minimum=0, maximum=0.99, name='a_2', latex_label='$a_2$', unit=None, boundary=None)""","b""Sine(name='tilt_1', latex_label='$\\\\theta_1$', unit=None, minimum=0, maximum=3.141592653589793, boundary=None)""","b""Sine(name='tilt_2', latex_label='$\\\\theta_2$', unit=None, minimum=0, maximum=3.141592653589793, boundary=None)"""
IGWN-GWTC2p1-v2-GW190521_030229_PEDataRelease_mixed_nocosmo.h5,C01:IMRPhenomXPHM,b'Planck15_lal',d_l^2,"b""PowerLaw(alpha=2, minimum=100, maximum=10000, name='luminosity_distance', latex_label='$d_L$', unit='Mpc', boundary=None)""","b""Uniform(minimum=0, maximum=0.99, name='a_1', latex_label='$a_1$', unit=None, boundary=None)""","b""Uniform(minimum=0, maximum=0.99, name='a_2', latex_label='$a_2$', unit=None, boundary=None)""","b""Sine(minimum=0, maximum=3.141592653589793, name='tilt_1', latex_label='$\\\\theta_1$', unit=None, boundary=None)""","b""Sine(minimum=0, maximum=3.141592653589793, name='tilt_2', latex_label='$\\\\theta_2$', unit=None, boundary=None)"""
IGWN-GWTC2p1-v2-GW190701_203306_PEDataRelease_mixed_nocosmo.h5,C01:IMRPhenomXPHM,b'Planck15_lal',d_l^2,"b""PowerLaw(alpha=2, minimum=100, maximum=10000, name='luminosity_distance', latex_label='$d_L$', unit='Mpc', boundary=None)""","b""Uniform(minimum=0, maximum=0.99, name='a_1', latex_label='$a_1$', unit=None, boundary=None)""","b""Uniform(minimum=0, maximum=0.99, name='a_2', latex_label='$a_2$', unit=None, boundary=None)""","b""Sine(name='tilt_1', latex_label='$\\\\theta_1$', unit=None, minimum=0, maximum=3.141592653589793, boundary=None)""","b""Sine(name='tilt_2', latex_label='$\\\\theta_2$', unit=None, minimum=0, maximum=3.141592653589793, boundary=None)"""
IGWN-GWTC2p1-v2-GW190720_000836_PEDataRelease_mixed_nocosmo.h5,C01:IMRPhenomXPHM,b'Planck15_lal',d_l^2,NOT INCLUDED (dl^2),NOT INCLUDED,NOT INCLUDED,NOT INCLUDED,NOT INCLUDED
IGWN-GWTC2p1-v2-GW151226_033853_PEDataRelease_mixed_nocosmo.h5,C01:IMRPhenomXPHM,b'Planck15_lal',d_l^2,"b""PowerLaw(alpha=2, minimum=100, maximum=10000, name='luminosity_distance', latex_label='$d_L$', unit='Mpc', boundary=None)""","b""Uniform(minimum=0, maximum=0.99, name='a_1', latex_label='$a_1$', unit=None, boundary=None)""","b""Uniform(minimum=0, maximum=0.99, name='a_2', latex_label='$a_2$', unit=None, boundary=None)""","b""Sine(minimum=0, maximum=3.141592653589793, name='tilt_1', latex_label='$\\\\theta_1$', unit=None, boundary=None)""","b""Sine(minimum=0, maximum=3.141592653589793, name='tilt_2', latex_label='$\\\\theta_2$', unit=None, boundary=None)"""
IGWN-GWTC2p1-v2-GW190828_065509_PEDataRelease_mixed_nocosmo.h5,C01:IMRPhenomXPHM,b'Planck15_lal',d_l^2,"b""PowerLaw(alpha=2, minimum=10, maximum=10000, name='luminosity_distance', latex_label='$d_L$', unit='Mpc', boundary=None)""","b""Uniform(minimum=0, maximum=0.99, name='a_1', latex_label='$a_1$', unit=None, boundary=None)""","b""Uniform(minimum=0, maximum=0.99, name='a_2', latex_label='$a_2$', unit=None, boundary=None)""","b""Sine(minimum=0, maximum=3.141592653589793, name='tilt_1', latex_label='$\\\\theta_1$', unit=None, boundary=None)""","b""Sine(minimum=0, maximum=3.141592653589793, name='tilt_2', latex_label='$\\\\theta_2$', unit=None, boundary=None)"""
IGWN-GWTC2p1-v2-GW190929_012149_PEDataRelease_mixed_nocosmo.h5,C01:IMRPhenomXPHM,b'Planck15_lal',d_l^2,"b""PowerLaw(alpha=2, minimum=100, maximum=10000, name='luminosity_distance', latex_label='$d_L$', unit='Mpc', boundary=None)""","b""Uniform(minimum=0, maximum=0.99, name='a_1', latex_label='$a_1$', unit=None, boundary=None)""","b""Uniform(minimum=0, maximum=0.99, name='a_2', latex_label='$a_2$', unit=None, boundary=None)""","b""Sine(name='tilt_1', latex_label='$\\\\theta_1$', unit=None, minimum=0, maximum=3.141592653589793, boundary=None)""","b""Sine(name='tilt_2', latex_label='$\\\\theta_2$', unit=None, minimum=0, maximum=3.141592653589793, boundary=None)"""
IGWN-GWTC2p1-v2-GW190425_081805_PEDataRelease_mixed_nocosmo.h5,C01:IMRPhenomPv2_NRTidal:HighSpin,b'Planck15_lal',d_l^2,NOT INCLUDED (dl^2),NOT INCLUDED,NOT INCLUDED,NOT INCLUDED,NOT INCLUDED
IGWN-GWTC3p0-v1-GW200311_115853_PEDataRelease_mixed_nocosmo.h5,C01:IMRPhenomXPHM,b'Planck15_lal',d_l^2,"b""PowerLaw(alpha=2, minimum=100, maximum=10000, name='luminosity_distance', latex_label='$d_L$', unit='Mpc', boundary=None)""","b""Uniform(minimum=0, maximum=0.99, name='a_1', latex_label='$a_1$', unit=None, boundary=None)""","b""Uniform(minimum=0, maximum=0.99, name='a_2', latex_label='$a_2$', unit=None, boundary=None)""","b""Sine(minimum=0, maximum=3.141592653589793, name='tilt_1', latex_label='$\\\\theta_1$', unit=None, boundary=None)""","b""Sine(minimum=0, maximum=3.141592653589793, name='tilt_2', latex_label='$\\\\theta_2$', unit=None, boundary=None)"""
IGWN-GWTC2p1-v2-GW190512_180714_PEDataRelease_mixed_nocosmo.h5,C01:IMRPhenomXPHM,b'Planck15_lal',d_l^2,"b""PowerLaw(alpha=2, minimum=10, maximum=10000, name='luminosity_distance', latex_label='$d_L$', unit='Mpc', boundary=None)""","b""Uniform(minimum=0, maximum=0.99, name='a_1', latex_label='$a_1$', unit=None, boundary=None)""","b""Uniform(minimum=0, maximum=0.99, name='a_2', latex_label='$a_2$', unit=None, boundary=None)""","b""Sine(name='tilt_1', latex_label='$\\\\theta_1$', unit=None, minimum=0, maximum=3.141592653589793, boundary=None)""","b""Sine(name='tilt_2', latex_label='$\\\\theta_2$', unit=None, minimum=0, maximum=3.141592653589793, boundary=None)"""
IGWN-GWTC2p1-v2-GW190413_134308_PEDataRelease_mixed_nocosmo.h5,C01:IMRPhenomXPHM,b'Planck15_lal',d_l^2,"b""PowerLaw(alpha=2, minimum=10, maximum=10000, name='luminosity_distance', latex_label='$d_L$', unit='Mpc', boundary=None)""","b""Uniform(minimum=0, maximum=0.99, name='a_1', latex_label='$a_1$', unit=None, boundary=None)""","b""Uniform(minimum=0, maximum=0.99, name='a_2', latex_label='$a_2$', unit=None, boundary=None)""","b""Sine(name='tilt_1', latex_label='$\\\\theta_1$', unit=None, minimum=0, maximum=3.141592653589793, boundary=None)""","b""Sine(name='tilt_2', latex_label='$\\\\theta_2$', unit=None, minimum=0, maximum=3.141592653589793, boundary=None)"""
IGWN-GWTC2p1-v2-GW190527_092055_PEDataRelease_mixed_nocosmo.h5,C01:IMRPhenomXPHM,b'Planck15_lal',d_l^2,"b""PowerLaw(alpha=2, minimum=100, maximum=10000, name='luminosity_distance', latex_label='$d_L$', unit='Mpc', boundary=None)""","b""Uniform(minimum=0, maximum=0.99, name='a_1', latex_label='$a_1$', unit=None, boundary=None)""","b""Uniform(minimum=0, maximum=0.99, name='a_2', latex_label='$a_2$', unit=None, boundary=None)""","b""Sine(name='tilt_1', latex_label='$\\\\theta_1$', unit=None, minimum=0, maximum=3.141592653589793, boundary=None)""","b""Sine(name='tilt_2', latex_label='$\\\\theta_2$', unit=None, minimum=0, maximum=3.141592653589793, boundary=None)"""
IGWN-GWTC3p0-v1-GW191216_213338_PEDataRelease_mixed_nocosmo.h5,C01:IMRPhenomXPHM,b'Planck15_lal',d_l^2,"b""PowerLaw(alpha=2, minimum=100, maximum=10000, name='luminosity_distance', latex_label='$d_L$', unit='Mpc', boundary=None)""","b""Uniform(minimum=0, maximum=0.99, name='a_1', latex_label='$a_1$', unit=None, boundary=None)""","b""Uniform(minimum=0, maximum=0.99, name='a_2', latex_label='$a_2$', unit=None, boundary=None)""","b""Sine(minimum=0, maximum=3.141592653589793, name='tilt_1', latex_label='$\\\\theta_1$', unit=None, boundary=None)""","b""Sine(minimum=0, maximum=3.141592653589793, name='tilt_2', latex_label='$\\\\theta_2$', unit=None, boundary=None)"""
IGWN-GWTC3p0-v1-GW200209_085452_PEDataRelease_mixed_nocosmo.h5,C01:IMRPhenomXPHM,b'Planck15_lal',d_l^2,"b""PowerLaw(alpha=2, minimum=100, maximum=10000, name='luminosity_distance', latex_label='$d_L$', unit='Mpc', boundary=None)""","b""Uniform(minimum=0, maximum=0.99, name='a_1', latex_label='$a_1$', unit=None, boundary=None)""","b""Uniform(minimum=0, maximum=0.99, name='a_2', latex_label='$a_2$', unit=None, boundary=None)""","b""Sine(name='tilt_1', latex_label='$\\\\theta_1$', unit=None, minimum=0, maximum=3.141592653589793, boundary=None)""","b""Sine(name='tilt_2', latex_label='$\\\\theta_2$', unit=None, minimum=0, maximum=3.141592653589793, boundary=None)"""
IGWN-GWTC2p1-v2-GW190519_153544_PEDataRelease_mixed_nocosmo.h5,C01:IMRPhenomXPHM,b'Planck15_lal',d_l^2,"b""PowerLaw(alpha=2, minimum=10, maximum=10000, name='luminosity_distance', latex_label='$d_L$', unit='Mpc', boundary=None)""","b""Uniform(minimum=0, maximum=0.99, name='a_1', latex_label='$a_1$', unit=None, boundary=None)""","b""Uniform(minimum=0, maximum=0.99, name='a_2', latex_label='$a_2$', unit=None, boundary=None)""","b""Sine(name='tilt_1', latex_label='$\\\\theta_1$', unit=None, minimum=0, maximum=3.141592653589793, boundary=None)""","b""Sine(name='tilt_2', latex_label='$\\\\theta_2$', unit=None, minimum=0, maximum=3.141592653589793, boundary=None)"""
IGWN-GWTC3p0-v1-GW191103_012549_PEDataRelease_mixed_nocosmo.h5,C01:IMRPhenomXPHM,b'Planck15_lal',d_l^2,"b""PowerLaw(alpha=2, minimum=10, maximum=10000, name='luminosity_distance', latex_label='$d_L$', unit='Mpc', boundary=None)""","b""Uniform(minimum=0, maximum=0.99, name='a_1', latex_label='$a_1$', unit=None, boundary=None)""","b""Uniform(minimum=0, maximum=0.99, name='a_2', latex_label='$a_2$', unit=None, boundary=None)""","b""Sine(minimum=0, maximum=3.141592653589793, name='tilt_1', latex_label='$\\\\theta_1$', unit=None, boundary=None)""","b""Sine(minimum=0, maximum=3.141592653589793, name='tilt_2', latex_label='$\\\\theta_2$', unit=None, boundary=None)"""
IGWN-GWTC3p0-v1-GW200219_094415_PEDataRelease_mixed_nocosmo.h5,C01:IMRPhenomXPHM,b'Planck15_lal',d_l^2,"b""PowerLaw(alpha=2, minimum=100, maximum=10000, name='luminosity_distance', latex_label='$d_L$', unit='Mpc', boundary=None)""","b""Uniform(minimum=0, maximum=0.99, name='a_1', latex_label='$a_1$', unit=None, boundary=None)""","b""Uniform(minimum=0, maximum=0.99, name='a_2', latex_label='$a_2$', unit=None, boundary=None)""","b""Sine(minimum=0, maximum=3.141592653589793, name='tilt_1', latex_label='$\\\\theta_1$', unit=None, boundary=None)""","b""Sine(minimum=0, maximum=3.141592653589793, name='tilt_2', latex_label='$\\\\theta_2$', unit=None, boundary=None)"""
IGWN-GWTC2p1-v2-GW190620_030421_PEDataRelease_mixed_nocosmo.h5,C01:IMRPhenomXPHM,b'Planck15_lal',d_l^2,"b""PowerLaw(alpha=2, minimum=10, maximum=10000, name='luminosity_distance', latex_label='$d_L$', unit='Mpc', boundary=None)""","b""Uniform(minimum=0, maximum=0.99, name='a_1', latex_label='$a_1$', unit=None, boundary=None)""","b""Uniform(minimum=0, maximum=0.99, name='a_2', latex_label='$a_2$', unit=None, boundary=None)""","b""Sine(name='tilt_1', latex_label='$\\\\theta_1$', unit=None, minimum=0, maximum=3.141592653589793, boundary=None)""","b""Sine(name='tilt_2', latex_label='$\\\\theta_2$', unit=None, minimum=0, maximum=3.141592653589793, boundary=None)"""
IGWN-GWTC2p1-v2-GW190521_074359_PEDataRelease_mixed_nocosmo.h5,C01:IMRPhenomXPHM,b'Planck15_lal',d_l^2,"b""PowerLaw(alpha=2, minimum=10, maximum=10000, name='luminosity_distance', latex_label='$d_L$', unit='Mpc', boundary=None)""","b""Uniform(minimum=0, maximum=0.99, name='a_1', latex_label='$a_1$', unit=None, boundary=None)""","b""Uniform(minimum=0, maximum=0.99, name='a_2', latex_label='$a_2$', unit=None, boundary=None)""","b""Sine(name='tilt_1', latex_label='$\\\\theta_1$', unit=None, minimum=0, maximum=3.141592653589793, boundary=None)""","b""Sine(name='tilt_2', latex_label='$\\\\theta_2$', unit=None, minimum=0, maximum=3.141592653589793, boundary=None)"""
IGWN-GWTC2p1-v2-GW190731_140936_PEDataRelease_mixed_nocosmo.h5,C01:IMRPhenomXPHM,b'Planck15_lal',d_l^2,"b""PowerLaw(alpha=2, minimum=100, maximum=10000, name='luminosity_distance', latex_label='$d_L$', unit='Mpc', boundary=None)""","b""Uniform(minimum=0, maximum=0.99, name='a_1', latex_label='$a_1$', unit=None, boundary=None)""","b""Uniform(minimum=0, maximum=0.99, name='a_2', latex_label='$a_2$', unit=None, boundary=None)""","b""Sine(name='tilt_1', latex_label='$\\\\theta_1$', unit=None, minimum=0, maximum=3.141592653589793, boundary=None)""","b""Sine(name='tilt_2', latex_label='$\\\\theta_2$', unit=None, minimum=0, maximum=3.141592653589793, boundary=None)"""
IGWN-GWTC2p1-v2-GW190513_205428_PEDataRelease_mixed_nocosmo.h5,C01:IMRPhenomXPHM,b'Planck15_lal',d_l^2,"b""PowerLaw(alpha=2, minimum=100, maximum=10000, name='luminosity_distance', latex_label='$d_L$', unit='Mpc', boundary=None)""","b""Uniform(minimum=0, maximum=0.99, name='a_1', latex_label='$a_1$', unit=None, boundary=None)""","b""Uniform(minimum=0, maximum=0.99, name='a_2', latex_label='$a_2$', unit=None, boundary=None)""","b""Sine(name='tilt_1', latex_label='$\\\\theta_1$', unit=None, minimum=0, maximum=3.141592653589793, boundary=None)""","b""Sine(name='tilt_2', latex_label='$\\\\theta_2$', unit=None, minimum=0, maximum=3.141592653589793, boundary=None)"""
IGWN-GWTC2p1-v2-GW190924_021846_PEDataRelease_mixed_nocosmo.h5,C01:IMRPhenomXPHM,b'Planck15_lal',d_l^2,NOT INCLUDED (dl^2),NOT INCLUDED,NOT INCLUDED,NOT INCLUDED,NOT INCLUDED
IGWN-GWTC3p0-v1-GW200225_060421_PEDataRelease_mixed_nocosmo.h5,C01:IMRPhenomXPHM,b'Planck15_lal',d_l^2,"b""PowerLaw(alpha=2, minimum=100, maximum=10000, name='luminosity_distance', latex_label='$d_L$', unit='Mpc', boundary=None)""","b""Uniform(minimum=0, maximum=0.99, name='a_1', latex_label='$a_1$', unit=None, boundary=None)""","b""Uniform(minimum=0, maximum=0.99, name='a_2', latex_label='$a_2$', unit=None, boundary=None)""","b""Sine(minimum=0, maximum=3.141592653589793, name='tilt_1', latex_label='$\\\\theta_1$', unit=None, boundary=None)""","b""Sine(minimum=0, maximum=3.141592653589793, name='tilt_2', latex_label='$\\\\theta_2$', unit=None, boundary=None)"""
IGWN-GWTC2p1-v2-GW190630_185205_PEDataRelease_mixed_nocosmo.h5,C01:IMRPhenomXPHM,b'Planck15_lal',d_l^2,"b""PowerLaw(alpha=2, minimum=100, maximum=10000, name='luminosity_distance', latex_label='$d_L$', unit='Mpc', boundary=None)""","b""Uniform(minimum=0, maximum=0.99, name='a_1', latex_label='$a_1$', unit=None, boundary=None)""","b""Uniform(minimum=0, maximum=0.99, name='a_2', latex_label='$a_2$', unit=None, boundary=None)""","b""Sine(name='tilt_1', latex_label='$\\\\theta_1$', unit=None, minimum=0, maximum=3.141592653589793, boundary=None)""","b""Sine(name='tilt_2', latex_label='$\\\\theta_2$', unit=None, minimum=0, maximum=3.141592653589793, boundary=None)"""
IGWN-GWTC2p1-v2-GW151012_095443_PEDataRelease_mixed_nocosmo.h5,C01:IMRPhenomXPHM,b'Planck15_lal',d_l^2,"b""PowerLaw(alpha=2, minimum=10, maximum=10000, name='luminosity_distance', latex_label='$d_L$', unit='Mpc', boundary=None)""","b""Uniform(minimum=0, maximum=0.99, name='a_1', latex_label='$a_1$', unit=None, boundary=None)""","b""Uniform(minimum=0, maximum=0.99, name='a_2', latex_label='$a_2$', unit=None, boundary=None)""","b""Sine(minimum=0, maximum=3.141592653589793, name='tilt_1', latex_label='$\\\\theta_1$', unit=None, boundary=None)""","b""Sine(minimum=0, maximum=3.141592653589793, name='tilt_2', latex_label='$\\\\theta_2$', unit=None, boundary=None)"""
IGWN-GWTC3p0-v1-GW191129_134029_PEDataRelease_mixed_nocosmo.h5,C01:IMRPhenomXPHM,b'Planck15_lal',d_l^2,"b""PowerLaw(alpha=2, minimum=100, maximum=10000, name='luminosity_distance', latex_label='$d_L$', unit='Mpc', boundary=None)""","b""Uniform(minimum=0, maximum=0.99, name='a_1', latex_label='$a_1$', unit=None, boundary=None)""","b""Uniform(minimum=0, maximum=0.99, name='a_2', latex_label='$a_2$', unit=None, boundary=None)""","b""Sine(minimum=0, maximum=3.141592653589793, name='tilt_1', latex_label='$\\\\theta_1$', unit=None, boundary=None)""","b""Sine(minimum=0, maximum=3.141592653589793, name='tilt_2', latex_label='$\\\\theta_2$', unit=None, boundary=None)"""
IGWN-GWTC2p1-v2-GW170818_022509_PEDataRelease_mixed_nocosmo.h5,C01:IMRPhenomXPHM,b'Planck15_lal',d_l^2,"b""PowerLaw(alpha=2, minimum=100, maximum=10000, name='luminosity_distance', latex_label='$d_L$', unit='Mpc', boundary=None)""","b""Uniform(minimum=0, maximum=0.99, name='a_1', latex_label='$a_1$', unit=None, boundary=None)""","b""Uniform(minimum=0, maximum=0.99, name='a_2', latex_label='$a_2$', unit=None, boundary=None)""","b""Sine(name='tilt_1', latex_label='$\\\\theta_1$', unit=None, minimum=0, maximum=3.141592653589793, boundary=None)""","b""Sine(name='tilt_2', latex_label='$\\\\theta_2$', unit=None, minimum=0, maximum=3.141592653589793, boundary=None)"""
IGWN-GWTC2p1-v2-GW190814_211039_PEDataRelease_mixed_nocosmo.h5,C01:IMRPhenomXPHM,b'Planck15_lal',d_l^2,NOT INCLUDED (dl^2),NOT INCLUDED,NOT INCLUDED,NOT INCLUDED,NOT INCLUDED
IGWN-GWTC2p1-v2-GW190728_064510_PEDataRelease_mixed_nocosmo.h5,C01:IMRPhenomXPHM,b'Planck15_lal',d_l^2,NOT INCLUDED (dl^2),NOT INCLUDED,NOT INCLUDED,NOT INCLUDED,NOT INCLUDED
IGWN-GWTC3p0-v1-GW191204_171526_PEDataRelease_mixed_nocosmo.h5,C01:IMRPhenomXPHM,b'Planck15_lal',d_l^2,"b""PowerLaw(alpha=2, minimum=100, maximum=10000, name='luminosity_distance', latex_label='$d_L$', unit='Mpc', boundary=None)""","b""Uniform(minimum=0, maximum=0.99, name='a_1', latex_label='$a_1$', unit=None, boundary=None)""","b""Uniform(minimum=0, maximum=0.99, name='a_2', latex_label='$a_2$', unit=None, boundary=None)""","b""Sine(minimum=0, maximum=3.141592653589793, name='tilt_1', latex_label='$\\\\theta_1$', unit=None, boundary=None)""","b""Sine(minimum=0, maximum=3.141592653589793, name='tilt_2', latex_label='$\\\\theta_2$', unit=None, boundary=None)"""
IGWN-GWTC2p1-v2-GW190915_235702_PEDataRelease_mixed_nocosmo.h5,C01:IMRPhenomXPHM,b'Planck15_lal',d_l^2,"b""PowerLaw(alpha=2, minimum=10, maximum=10000, name='luminosity_distance', latex_label='$d_L$', unit='Mpc', boundary=None)""","b""Uniform(minimum=0, maximum=0.99, name='a_1', latex_label='$a_1$', unit=None, boundary=None)""","b""Uniform(minimum=0, maximum=0.99, name='a_2', latex_label='$a_2$', unit=None, boundary=None)""","b""Sine(minimum=0, maximum=3.141592653589793, name='tilt_1', latex_label='$\\\\theta_1$', unit=None, boundary=None)""","b""Sine(minimum=0, maximum=3.141592653589793, name='tilt_2', latex_label='$\\\\theta_2$', unit=None, boundary=None)"""
IGWN-GWTC2p1-v2-GW190719_215514_PEDataRelease_mixed_nocosmo.h5,C01:IMRPhenomXPHM,b'Planck15_lal',d_l^2,"b""PowerLaw(alpha=2, minimum=10, maximum=20000, name='luminosity_distance', latex_label='$d_L$', unit='Mpc', boundary=None)""","b""Uniform(minimum=0, maximum=0.99, name='a_1', latex_label='$a_1$', unit=None, boundary=None)""","b""Uniform(minimum=0, maximum=0.99, name='a_2', latex_label='$a_2$', unit=None, boundary=None)""","b""Sine(name='tilt_1', latex_label='$\\\\theta_1$', unit=None, minimum=0, maximum=3.141592653589793, boundary=None)""","b""Sine(name='tilt_2', latex_label='$\\\\theta_2$', unit=None, minimum=0, maximum=3.141592653589793, boundary=None)"""
IGWN-GWTC2p1-v2-GW170104_101158_PEDataRelease_mixed_nocosmo.h5,C01:IMRPhenomXPHM,b'Planck15_lal',d_l^2,"b""PowerLaw(alpha=2, minimum=100, maximum=10000, name='luminosity_distance', latex_label='$d_L$', unit='Mpc', boundary=None)""","b""Uniform(minimum=0, maximum=0.99, name='a_1', latex_label='$a_1$', unit=None, boundary=None)""","b""Uniform(minimum=0, maximum=0.99, name='a_2', latex_label='$a_2$', unit=None, boundary=None)""","b""Sine(minimum=0, maximum=3.141592653589793, name='tilt_1', latex_label='$\\\\theta_1$', unit=None, boundary=None)""","b""Sine(minimum=0, maximum=3.141592653589793, name='tilt_2', latex_label='$\\\\theta_2$', unit=None, boundary=None)"""
IGWN-GWTC2p1-v2-GW170809_082821_PEDataRelease_mixed_nocosmo.h5,C01:IMRPhenomXPHM,b'Planck15_lal',d_l^2,"b""PowerLaw(alpha=2, minimum=100, maximum=10000, name='luminosity_distance', latex_label='$d_L$', unit='Mpc', boundary=None)""","b""Uniform(minimum=0, maximum=0.99, name='a_1', latex_label='$a_1$', unit=None, boundary=None)""","b""Uniform(minimum=0, maximum=0.99, name='a_2', latex_label='$a_2$', unit=None, boundary=None)""","b""Sine(name='tilt_1', latex_label='$\\\\theta_1$', unit=None, minimum=0, maximum=3.141592653589793, boundary=None)""","b""Sine(name='tilt_2', latex_label='$\\\\theta_2$', unit=None, minimum=0, maximum=3.141592653589793, boundary=None)"""
IGWN-GWTC2p1-v2-GW190828_063405_PEDataRelease_mixed_nocosmo.h5,C01:IMRPhenomXPHM,b'Planck15_lal',d_l^2,"b""PowerLaw(alpha=2, minimum=10, maximum=10000, name='luminosity_distance', latex_label='$d_L$', unit='Mpc', boundary=None)""","b""Uniform(minimum=0, maximum=0.99, name='a_1', latex_label='$a_1$', unit=None, boundary=None)""","b""Uniform(minimum=0, maximum=0.99, name='a_2', latex_label='$a_2$', unit=None, boundary=None)""","b""Sine(name='tilt_1', latex_label='$\\\\theta_1$', unit=None, minimum=0, maximum=3.141592653589793, boundary=None)""","b""Sine(name='tilt_2', latex_label='$\\\\theta_2$', unit=None, minimum=0, maximum=3.141592653589793, boundary=None)"""
IGWN-GWTC2p1-v2-GW190408_181802_PEDataRelease_mixed_nocosmo.h5,C01:IMRPhenomXPHM,b'Planck15_lal',d_l^2,"b""PowerLaw(alpha=2, minimum=10, maximum=10000, name='luminosity_distance', latex_label='$d_L$', unit='Mpc', boundary=None)""","b""Uniform(minimum=0, maximum=0.99, name='a_1', latex_label='$a_1$', unit=None, boundary=None)""","b""Uniform(minimum=0, maximum=0.99, name='a_2', latex_label='$a_2$', unit=None, boundary=None)""","b""Sine(name='tilt_1', latex_label='$\\\\theta_1$', unit=None, minimum=0, maximum=3.141592653589793, boundary=None)""","b""Sine(name='tilt_2', latex_label='$\\\\theta_2$', unit=None, minimum=0, maximum=3.141592653589793, boundary=None)"""
IGWN-GWTC3p0-v1-GW200316_215756_PEDataRelease_mixed_nocosmo.h5,C01:IMRPhenomXPHM,b'Planck15_lal',d_l^2,"b""PowerLaw(alpha=2, minimum=100, maximum=10000, name='luminosity_distance', latex_label='$d_L$', unit='Mpc', boundary=None)""","b""Uniform(minimum=0, maximum=0.99, name='a_1', latex_label='$a_1$', unit=None, boundary=None)""","b""Uniform(minimum=0, maximum=0.99, name='a_2', latex_label='$a_2$', unit=None, boundary=None)""","b""Sine(minimum=0, maximum=3.141592653589793, name='tilt_1', latex_label='$\\\\theta_1$', unit=None, boundary=None)""","b""Sine(minimum=0, maximum=3.141592653589793, name='tilt_2', latex_label='$\\\\theta_2$', unit=None, boundary=None)"""
IGWN-GWTC2p1-v2-GW190602_175927_PEDataRelease_mixed_nocosmo.h5,C01:IMRPhenomXPHM,b'Planck15_lal',d_l^2,"b""PowerLaw(alpha=2, minimum=100, maximum=10000, name='luminosity_distance', latex_label='$d_L$', unit='Mpc', boundary=None)""","b""Uniform(minimum=0, maximum=0.99, name='a_1', latex_label='$a_1$', unit=None, boundary=None)""","b""Uniform(minimum=0, maximum=0.99, name='a_2', latex_label='$a_2$', unit=None, boundary=None)""","b""Sine(name='tilt_1', latex_label='$\\\\theta_1$', unit=None, minimum=0, maximum=3.141592653589793, boundary=None)""","b""Sine(name='tilt_2', latex_label='$\\\\theta_2$', unit=None, minimum=0, maximum=3.141592653589793, boundary=None)"""
IGWN-GWTC2p1-v2-GW190413_052954_PEDataRelease_mixed_nocosmo.h5,C01:IMRPhenomXPHM,b'Planck15_lal',d_l^2,"b""PowerLaw(alpha=2, minimum=10, maximum=10000, name='luminosity_distance', latex_label='$d_L$', unit='Mpc', boundary=None)""","b""Uniform(minimum=0, maximum=0.99, name='a_1', latex_label='$a_1$', unit=None, boundary=None)""","b""Uniform(minimum=0, maximum=0.99, name='a_2', latex_label='$a_2$', unit=None, boundary=None)""","b""Sine(name='tilt_1', latex_label='$\\\\theta_1$', unit=None, minimum=0, maximum=3.141592653589793, boundary=None)""","b""Sine(name='tilt_2', latex_label='$\\\\theta_2$', unit=None, minimum=0, maximum=3.141592653589793, boundary=None)"""
IGWN-GWTC3p0-v1-GW200112_155838_PEDataRelease_mixed_nocosmo.h5,C01:IMRPhenomXPHM,b'Planck15_lal',d_l^2,"b""PowerLaw(alpha=2, minimum=100, maximum=10000, name='luminosity_distance', latex_label='$d_L$', unit='Mpc', boundary=None)""","b""Uniform(minimum=0, maximum=0.99, name='a_1', latex_label='$a_1$', unit=None, boundary=None)""","b""Uniform(minimum=0, maximum=0.99, name='a_2', latex_label='$a_2$', unit=None, boundary=None)""","b""Sine(name='tilt_1', latex_label='$\\\\theta_1$', unit=None, minimum=0, maximum=3.141592653589793, boundary=None)""","b""Sine(name='tilt_2', latex_label='$\\\\theta_2$', unit=None, minimum=0, maximum=3.141592653589793, boundary=None)"""
IGWN-GWTC3p0-v1-GW200208_130117_PEDataRelease_mixed_nocosmo.h5,C01:IMRPhenomXPHM,b'Planck15_lal',d_l^2,"b""PowerLaw(alpha=2, minimum=100, maximum=10000, name='luminosity_distance', latex_label='$d_L$', unit='Mpc', boundary=None)""","b""Uniform(minimum=0, maximum=0.99, name='a_1', latex_label='$a_1$', unit=None, boundary=None)""","b""Uniform(minimum=0, maximum=0.99, name='a_2', latex_label='$a_2$', unit=None, boundary=None)""","b""Sine(name='tilt_1', latex_label='$\\\\theta_1$', unit=None, minimum=0, maximum=3.141592653589793, boundary=None)""","b""Sine(name='tilt_2', latex_label='$\\\\theta_2$', unit=None, minimum=0, maximum=3.141592653589793, boundary=None)"""
IGWN-GWTC2p1-v2-GW190727_060333_PEDataRelease_mixed_nocosmo.h5,C01:IMRPhenomXPHM,b'Planck15_lal',d_l^2,"b""PowerLaw(alpha=2, minimum=100, maximum=10000, name='luminosity_distance', latex_label='$d_L$', unit='Mpc', boundary=None)""","b""Uniform(minimum=0, maximum=0.99, name='a_1', latex_label='$a_1$', unit=None, boundary=None)""","b""Uniform(minimum=0, maximum=0.99, name='a_2', latex_label='$a_2$', unit=None, boundary=None)""","b""Sine(name='tilt_1', latex_label='$\\\\theta_1$', unit=None, minimum=0, maximum=3.141592653589793, boundary=None)""","b""Sine(name='tilt_2', latex_label='$\\\\theta_2$', unit=None, minimum=0, maximum=3.141592653589793, boundary=None)"""
IGWN-GWTC2p1-v2-GW190412_053044_PEDataRelease_mixed_nocosmo.h5,C01:IMRPhenomXPHM,b'Planck15_lal',d_l^2,"b""PowerLaw(alpha=2, minimum=100, maximum=10000, name='luminosity_distance', latex_label='$d_L$', unit='Mpc', boundary=None)""","b""Uniform(minimum=0, maximum=0.99, name='a_1', latex_label='$a_1$', unit=None, boundary=None)""","b""Uniform(minimum=0, maximum=0.99, name='a_2', latex_label='$a_2$', unit=None, boundary=None)""","b""Sine(name='tilt_1', latex_label='$\\\\theta_1$', unit=None, minimum=0, maximum=3.141592653589793, boundary=None)""","b""Sine(name='tilt_2', latex_label='$\\\\theta_2$', unit=None, minimum=0, maximum=3.141592653589793, boundary=None)"""
IGWN-GWTC3p0-v1-GW200115_042309_PEDataRelease_mixed_nocosmo.h5,C01:IMRPhenomNSBH:HighSpin,b'Planck15_lal',d_l^2,NOT INCLUDED (dl^2),NOT INCLUDED,NOT INCLUDED,NOT INCLUDED,NOT INCLUDED
IGWN-GWTC2p1-v2-GW190930_133541_PEDataRelease_mixed_nocosmo.h5,C01:IMRPhenomXPHM,b'Planck15_lal',d_l^2,"b""PowerLaw(alpha=2, minimum=10, maximum=10000, name='luminosity_distance', latex_label='$d_L$', unit='Mpc', boundary=None)""","b""Uniform(minimum=0, maximum=0.99, name='a_1', latex_label='$a_1$', unit=None, boundary=None)""","b""Uniform(minimum=0, maximum=0.99, name='a_2', latex_label='$a_2$', unit=None, boundary=None)""","b""Sine(name='tilt_1', latex_label='$\\\\theta_1$', unit=None, minimum=0, maximum=3.141592653589793, boundary=None)""","b""Sine(name='tilt_2', latex_label='$\\\\theta_2$', unit=None, minimum=0, maximum=3.141592653589793, boundary=None)"""
IGWN-GWTC3p0-v1-GW200202_154313_PEDataRelease_mixed_nocosmo.h5,C01:IMRPhenomXPHM,b'Planck15_lal',d_l^2,"b""PowerLaw(alpha=2, minimum=100, maximum=10000, name='luminosity_distance', latex_label='$d_L$', unit='Mpc', boundary=None)""","b""Uniform(minimum=0, maximum=0.99, name='a_1', latex_label='$a_1$', unit=None, boundary=None)""","b""Uniform(minimum=0, maximum=0.99, name='a_2', latex_label='$a_2$', unit=None, boundary=None)""","b""Sine(minimum=0, maximum=3.141592653589793, name='tilt_1', latex_label='$\\\\theta_1$', unit=None, boundary=None)""","b""Sine(minimum=0, maximum=3.141592653589793, name='tilt_2', latex_label='$\\\\theta_2$', unit=None, boundary=None)"""
IGWN-GWTC2p1-v2-GW190707_093326_PEDataRelease_mixed_nocosmo.h5,C01:IMRPhenomXPHM,b'Planck15_lal',d_l^2,NOT INCLUDED (dl^2),NOT INCLUDED,NOT INCLUDED,NOT INCLUDED,NOT INCLUDED
IGWN-GWTC2p1-v2-GW190805_211137_PEDataRelease_mixed_nocosmo.h5,C01:IMRPhenomXPHM,b'Planck15_lal',d_l^2,"b""PowerLaw(alpha=2, minimum=100, maximum=20000, name='luminosity_distance', latex_label='$d_L$', unit='Mpc', boundary=None)""","b""Uniform(minimum=0, maximum=0.99, name='a_1', latex_label='$a_1$', unit=None, boundary=None)""","b""Uniform(minimum=0, maximum=0.99, name='a_2', latex_label='$a_2$', unit=None, boundary=None)""","b""Sine(name='tilt_1', latex_label='$\\\\theta_1$', unit=None, minimum=0, maximum=3.141592653589793, boundary=None)""","b""Sine(name='tilt_2', latex_label='$\\\\theta_2$', unit=None, minimum=0, maximum=3.141592653589793, boundary=None)"""
IGWN-GWTC2p1-v2-GW170608_020116_PEDataRelease_mixed_nocosmo.h5,C01:IMRPhenomXPHM,b'Planck15_lal',d_l^2,NOT INCLUDED (dl^2),NOT INCLUDED,NOT INCLUDED,NOT INCLUDED,NOT INCLUDED
IGWN-GWTC3p0-v1-GW200224_222234_PEDataRelease_mixed_nocosmo.h5,C01:IMRPhenomXPHM,b'Planck15_lal',d_l^2,"b""PowerLaw(alpha=2, minimum=100, maximum=10000, name='luminosity_distance', latex_label='$d_L$', unit='Mpc', boundary=None)""","b""Uniform(minimum=0, maximum=0.99, name='a_1', latex_label='$a_1$', unit=None, boundary=None)""","b""Uniform(minimum=0, maximum=0.99, name='a_2', latex_label='$a_2$', unit=None, boundary=None)""","b""Sine(minimum=0, maximum=3.141592653589793, name='tilt_1', latex_label='$\\\\theta_1$', unit=None, boundary=None)""","b""Sine(minimum=0, maximum=3.141592653589793, name='tilt_2', latex_label='$\\\\theta_2$', unit=None, boundary=None)"""
GW170817_GWTC-1.hdf5,IMRPhenomPv2NRT_highSpin_posterior,planck 2015,d_l^2,NOT INCLUDED (dl^2),chi < 0.89 (Uniform),chi < 0.89 (Uniform),NOT INCLUDED (Isotropic),NOT INCLUDED (Isotropic)
IGWN-GWTC2p1-v2-GW150914_095045_PEDataRelease_mixed_nocosmo.h5,C01:IMRPhenomXPHM,b'Planck15_lal',d_l^2,"b""PowerLaw(alpha=2, minimum=10, maximum=10000, name='luminosity_distance', latex_label='$d_L$', unit='Mpc', boundary=None)""","b""Uniform(minimum=0, maximum=0.99, name='a_1', latex_label='$a_1$', unit=None, boundary=None)""","b""Uniform(minimum=0, maximum=0.99, name='a_2', latex_label='$a_2$', unit=None, boundary=None)""","b""Sine(minimum=0, maximum=3.141592653589793, name='tilt_1', latex_label='$\\\\theta_1$', unit=None, boundary=None)""","b""Sine(minimum=0, maximum=3.141592653589793, name='tilt_2', latex_label='$\\\\theta_2$', unit=None, boundary=None)"""
IGWN-GWTC2p1-v2-GW190517_055101_PEDataRelease_mixed_nocosmo.h5,C01:IMRPhenomXPHM,b'Planck15_lal',d_l^2,"b""PowerLaw(alpha=2, minimum=100, maximum=10000, name='luminosity_distance', latex_label='$d_L$', unit='Mpc', boundary=None)""","b""Uniform(minimum=0, maximum=0.99, name='a_1', latex_label='$a_1$', unit=None, boundary=None)""","b""Uniform(minimum=0, maximum=0.99, name='a_2', latex_label='$a_2$', unit=None, boundary=None)""","b""Sine(name='tilt_1', latex_label='$\\\\theta_1$', unit=None, minimum=0, maximum=3.141592653589793, boundary=None)""","b""Sine(name='tilt_2', latex_label='$\\\\theta_2$', unit=None, minimum=0, maximum=3.141592653589793, boundary=None)"""
IGWN-GWTC2p1-v2-GW170823_131358_PEDataRelease_mixed_nocosmo.h5,C01:IMRPhenomXPHM,b'Planck15_lal',d_l^2,"b""PowerLaw(alpha=2, minimum=100, maximum=10000, name='luminosity_distance', latex_label='$d_L$', unit='Mpc', boundary=None)""","b""Uniform(minimum=0, maximum=0.99, name='a_1', latex_label='$a_1$', unit=None, boundary=None)""","b""Uniform(minimum=0, maximum=0.99, name='a_2', latex_label='$a_2$', unit=None, boundary=None)""","b""Sine(minimum=0, maximum=3.141592653589793, name='tilt_1', latex_label='$\\\\theta_1$', unit=None, boundary=None)""","b""Sine(minimum=0, maximum=3.141592653589793, name='tilt_2', latex_label='$\\\\theta_2$', unit=None, boundary=None)"""
IGWN-GWTC2p1-v2-GW170729_185629_PEDataRelease_mixed_nocosmo.h5,C01:IMRPhenomXPHM,b'Planck15_lal',d_l^2,"b""PowerLaw(alpha=2, minimum=100, maximum=10000, name='luminosity_distance', latex_label='$d_L$', unit='Mpc', boundary=None)""","b""Uniform(minimum=0, maximum=0.99, name='a_1', latex_label='$a_1$', unit=None, boundary=None)""","b""Uniform(minimum=0, maximum=0.99, name='a_2', latex_label='$a_2$', unit=None, boundary=None)""","b""Sine(name='tilt_1', latex_label='$\\\\theta_1$', unit=None, minimum=0, maximum=3.141592653589793, boundary=None)""","b""Sine(name='tilt_2', latex_label='$\\\\theta_2$', unit=None, minimum=0, maximum=3.141592653589793, boundary=None)"""
IGWN-GWTC3p0-v1-GW191127_050227_PEDataRelease_mixed_nocosmo.h5,C01:IMRPhenomXPHM,b'Planck15_lal',d_l^2,"b""PowerLaw(alpha=2, minimum=100, maximum=15000, name='luminosity_distance', latex_label='$d_L$', unit='Mpc', boundary=None)""","b""Uniform(minimum=0, maximum=0.99, name='a_1', latex_label='$a_1$', unit=None, boundary=None)""","b""Uniform(minimum=0, maximum=0.99, name='a_2', latex_label='$a_2$', unit=None, boundary=None)""","b""Sine(name='tilt_1', latex_label='$\\\\theta_1$', unit=None, minimum=0, maximum=3.141592653589793, boundary=None)""","b""Sine(name='tilt_2', latex_label='$\\\\theta_2$', unit=None, minimum=0, maximum=3.141592653589793, boundary=None)"""
IGWN-GWTC2p1-v2-GW170814_103043_PEDataRelease_mixed_nocosmo.h5,C01:IMRPhenomXPHM,b'Planck15_lal',d_l^2,"b""PowerLaw(alpha=2, minimum=100, maximum=10000, name='luminosity_distance', latex_label='$d_L$', unit='Mpc', boundary=None)""","b""Uniform(minimum=0, maximum=0.99, name='a_1', latex_label='$a_1$', unit=None, boundary=None)""","b""Uniform(minimum=0, maximum=0.99, name='a_2', latex_label='$a_2$', unit=None, boundary=None)""","b""Sine(minimum=0, maximum=3.141592653589793, name='tilt_1', latex_label='$\\\\theta_1$', unit=None, boundary=None)""","b""Sine(minimum=0, maximum=3.141592653589793, name='tilt_2', latex_label='$\\\\theta_2$', unit=None, boundary=None)"""
IGWN-GWTC3p0-v1-GW191109_010717_PEDataRelease_mixed_nocosmo.h5,C01:IMRPhenomXPHM,b'Planck15_lal',d_l^2,"b""PowerLaw(alpha=2, minimum=100, maximum=10000, name='luminosity_distance', latex_label='$d_L$', unit='Mpc', boundary=None)""","b""Uniform(minimum=0, maximum=0.99, name='a_1', latex_label='$a_1$', unit=None, boundary=None)""","b""Uniform(minimum=0, maximum=0.99, name='a_2', latex_label='$a_2$', unit=None, boundary=None)""","b""Sine(minimum=0, maximum=3.141592653589793, name='tilt_1', latex_label='$\\\\theta_1$', unit=None, boundary=None)""","b""Sine(minimum=0, maximum=3.141592653589793, name='tilt_2', latex_label='$\\\\theta_2$', unit=None, boundary=None)"""
IGWN-GWTC2p1-v2-GW190917_114630_PEDataRelease_mixed_nocosmo.h5,C01:IMRPhenomXPHM,b'Planck15_lal',d_l^2,NOT INCLUDED (dl^2),NOT INCLUDED,NOT INCLUDED,NOT INCLUDED,NOT INCLUDED
IGWN-GWTC2p1-v2-GW190706_222641_PEDataRelease_mixed_nocosmo.h5,C01:IMRPhenomXPHM,b'Planck15_lal',d_l^2,"b""PowerLaw(alpha=2, minimum=100, maximum=10000, name='luminosity_distance', latex_label='$d_L$', unit='Mpc', boundary=None)""","b""Uniform(minimum=0, maximum=0.99, name='a_1', latex_label='$a_1$', unit=None, boundary=None)""","b""Uniform(minimum=0, maximum=0.99, name='a_2', latex_label='$a_2$', unit=None, boundary=None)""","b""Sine(name='tilt_1', latex_label='$\\\\theta_1$', unit=None, minimum=0, maximum=3.141592653589793, boundary=None)""","b""Sine(name='tilt_2', latex_label='$\\\\theta_2$', unit=None, minimum=0, maximum=3.141592653589793, boundary=None)"""
IGWN-GWTC2p1-v2-GW190421_213856_PEDataRelease_mixed_nocosmo.h5,C01:IMRPhenomXPHM,b'Planck15_lal',d_l^2,"b""PowerLaw(alpha=2, minimum=100, maximum=10000, name='luminosity_distance', latex_label='$d_L$', unit='Mpc', boundary=None)""","b""Uniform(minimum=0, maximum=0.99, name='a_1', latex_label='$a_1$', unit=None, boundary=None)""","b""Uniform(minimum=0, maximum=0.99, name='a_2', latex_label='$a_2$', unit=None, boundary=None)""","b""Sine(name='tilt_1', latex_label='$\\\\theta_1$', unit=None, minimum=0, maximum=3.141592653589793, boundary=None)""","b""Sine(name='tilt_2', latex_label='$\\\\theta_2$', unit=None, minimum=0, maximum=3.141592653589793, boundary=None)"""
IGWN-GWTC2p1-v2-GW190910_112807_PEDataRelease_mixed_nocosmo.h5,C01:IMRPhenomXPHM,b'Planck15_lal',d_l^2,"b""PowerLaw(alpha=2, minimum=100, maximum=10000, name='luminosity_distance', latex_label='$d_L$', unit='Mpc', boundary=None)""","b""Uniform(minimum=0, maximum=0.99, name='a_1', latex_label='$a_1$', unit=None, boundary=None)""","b""Uniform(minimum=0, maximum=0.99, name='a_2', latex_label='$a_2$', unit=None, boundary=None)""","b""Sine(name='tilt_1', latex_label='$\\\\theta_1$', unit=None, minimum=0, maximum=3.141592653589793, boundary=None)""","b""Sine(name='tilt_2', latex_label='$\\\\theta_2$', unit=None, minimum=0, maximum=3.141592653589793, boundary=None)"""
IGWN-GWTC2p1-v2-GW190503_185404_PEDataRelease_mixed_nocosmo.h5,C01:IMRPhenomXPHM,b'Planck15_lal',d_l^2,"b""PowerLaw(alpha=2, minimum=10, maximum=10000, name='luminosity_distance', latex_label='$d_L$', unit='Mpc', boundary=None)""","b""Uniform(minimum=0, maximum=0.99, name='a_1', latex_label='$a_1$', unit=None, boundary=None)""","b""Uniform(minimum=0, maximum=0.99, name='a_2', latex_label='$a_2$', unit=None, boundary=None)""","b""Sine(name='tilt_1', latex_label='$\\\\theta_1$', unit=None, minimum=0, maximum=3.141592653589793, boundary=None)""","b""Sine(name='tilt_2', latex_label='$\\\\theta_2$', unit=None, minimum=0, maximum=3.141592653589793, boundary=None)"""
IGWN-GWTC3p0-v1-GW191105_143521_PEDataRelease_mixed_nocosmo.h5,C01:IMRPhenomXPHM,b'Planck15_lal',d_l^2,"b""PowerLaw(alpha=2, minimum=100, maximum=10000, name='luminosity_distance', latex_label='$d_L$', unit='Mpc', boundary=None)""","b""Uniform(minimum=0, maximum=0.99, name='a_1', latex_label='$a_1$', unit=None, boundary=None)""","b""Uniform(minimum=0, maximum=0.99, name='a_2', latex_label='$a_2$', unit=None, boundary=None)""","b""Sine(minimum=0, maximum=3.141592653589793, name='tilt_1', latex_label='$\\\\theta_1$', unit=None, boundary=None)""","b""Sine(minimum=0, maximum=3.141592653589793, name='tilt_2', latex_label='$\\\\theta_2$', unit=None, boundary=None)"""
IGWN-GWTC3p0-v1-GW191215_223052_PEDataRelease_mixed_nocosmo.h5,C01:IMRPhenomXPHM,b'Planck15_lal',d_l^2,"b""PowerLaw(alpha=2, minimum=10, maximum=10000, name='luminosity_distance', latex_label='$d_L$', unit='Mpc', boundary=None)""","b""Uniform(minimum=0, maximum=0.99, name='a_1', latex_label='$a_1$', unit=None, boundary=None)""","b""Uniform(minimum=0, maximum=0.99, name='a_2', latex_label='$a_2$', unit=None, boundary=None)""","b""Sine(name='tilt_1', latex_label='$\\\\theta_1$', unit=None, minimum=0, maximum=3.141592653589793, boundary=None)""","b""Sine(name='tilt_2', latex_label='$\\\\theta_2$', unit=None, minimum=0, maximum=3.141592653589793, boundary=None)"""
